{
    "books": [
        {
            "title": "The Casual Vacancy",
            "author": "J.K. Rowling",
            "sales": 5
        },
        {
            "title": "Fantastic Beasts",
            "author": "J.K. Rowling",
            "sales": 1
        },
        {
            "title": "Pride and Prejudice",
            "author": "Jane Austen",
            "sales": 2
        },
        {
            "title": "The Great Gatsby",
            "author": "F. Scott Fitzgerald",
            "sales": 2
        }
    ]
}